"metric","v4_3p","v4_5p","subset_3p","subset_5p"
"spearman",0.963636363636364,0.987878787878788,0.442424242424242,0.236363636363636
"avg_rank_diff",3.3,2.1,29,14.5
