"metric","v4_3p","v4_5p","subset_3p","subset_5p"
"spearman",0.963636363636364,0.987878787878788,0.939393939393939,0.975757575757576
"avg_rank_diff",3.3,2.1,3.4,2.3
