"metric","v4_3p","v4_5p","subset_3p","subset_5p"
"spearman",0.418181818181818,0.381818181818182,0.418181818181818,0.393939393939394
"avg_rank_diff",24.3,28.9,24.7,29.6
