"metric","v4_3p","v4_5p","subset_3p","subset_5p"
"spearman",NA,0.163636363636364,0.36969696969697,0.939393939393939
"avg_rank_diff",NA,85.6,100,352.5
