"metric","v4_3p","v4_5p","subset_3p","subset_5p"
"spearman",0.163636363636364,0.551515151515151,0.163636363636364,-0.0545454545454545
"avg_rank_diff",7.6,3.9,7.6,15.8
