"metric","v4_3p","v4_5p","subset_3p","subset_5p"
"spearman",0.478787878787879,0.612121212121212,0.393939393939394,0.854545454545454
"avg_rank_diff",2.6,2.3,2.7,1.5
