"metric","v4_3p","v4_5p","subset_3p","subset_5p"
"spearman",0.939393939393939,0.76969696969697,0.939393939393939,0.878787878787879
"avg_rank_diff",2.4,5.6,2.5,2.2
